BatchID,TotalProduced,TotalGood,DefectCount,YieldRate,DefectRate
1,1000,980,20,0.98,0.020000000000000018
2,1200,1190,10,0.9916666666666667,0.008333333333333304
3,800,780,20,0.975,0.025000000000000022
4,1500,1490,10,0.9933333333333333,0.00666666666666671
